-- --------------------------------------------------- --
-- insert table Estudiante			       --
-- --------------------------------------------------- --


insert into Estudiante (id, codigo, nombre, apellidoP, apellidoM, calle, numero, numeroInt, ciudad, colonia, telefono, avisarA, telEm, usuario, password)
values ('1','FG453','Jose Luis','Murgia','Sans','Felipez Angeles','90','6','Tonalá','Del rio','335634678','Josefa Martinez','33453657890','jose','12345');

insert into Estudiante (id, codigo, nombre, apellidoP, apellidoM, calle, numero, numeroInt, ciudad, colonia, telefono, avisarA, telEm, usuario, password)
values ('2','FG456','Anabel','Ruiz','Palacios','Motezuma','50','0','Guadalajara','Mirador','335782346','Romulo','334512789','anabel','67890');

insert into Estudiante (id, codigo, nombre, apellidoP, apellidoM, calle, numero, numeroInt, ciudad, colonia, telefono, avisarA, telEm, usuario, password)
values ('3','FG234','Rosalba','Mendiola','Zuarez','Puerta de Hierro','545','0','Guadalajara','Centro','3367812456','Maira','124567326','rosalba','12345');

insert into Estudiante (id, codigo, nombre, apellidoP, apellidoM, calle, numero, numeroInt, ciudad, colonia, telefono, avisarA, telEm, usuario, password)
values ('4','FG123','Ismael ','Alcazar','Zuñiga','Av. Vallarta','45','4','Tonalá','San Fermin','245672456','Angel','334256781','ismael ','67890');

insert into Estudiante (id, codigo, nombre, apellidoP, apellidoM, calle, numero, numeroInt, ciudad, colonia, telefono, avisarA, telEm, usuario, password)
values ('5','FG849','Marisela','Naguez','Murgia','Moreloz','15','0','Guadalajara','Balles del Rio','332156793','Rogelio','331256782','marisela','12345');

insert into Estudiante (id, codigo, nombre, apellidoP, apellidoM, calle, numero, numeroInt, ciudad, colonia, telefono, avisarA, telEm, usuario, password)
values ('6','FG850','Roberto','Melendrez','Alcazar','Pila Seca','98','0','Tonalá','Tonila','334256781','Jonathan','134267825','roberto','67890');

insert into Estudiante (id, codigo, nombre, apellidoP, apellidoM, calle, numero, numeroInt, ciudad, colonia, telefono, avisarA, telEm, usuario, password)
values ('7','FG234','Juan Carlos','Santillan','Roblez','Jaiba','245','0','Guadalajara','Mirador','331256782','Ana Carina','335782346','juan','12345');

insert into Estudiante (id, codigo, nombre, apellidoP, apellidoM, calle, numero, numeroInt, ciudad, colonia, telefono, avisarA, telEm, usuario, password)
values ('8','FG852','Gabriel','Robledo','Ortiz','5 de Mayo','56','10','Guadalajara','Centro','134267825','Soledad','3367812456','gabriel','67890');

insert into Estudiante (id, codigo, nombre, apellidoP, apellidoM, calle, numero, numeroInt, ciudad, colonia, telefono, avisarA, telEm, usuario, password)
values ('9','FG853','Luis Angel','Gomez','Roblefo','Robledo','126','0','Guadalajara','San Fermin','334512789','Anthony','245672456','luis','12345');

insert into Estudiante (id, codigo, nombre, apellidoP, apellidoM, calle, numero, numeroInt, ciudad, colonia, telefono, avisarA, telEm, usuario, password)
values ('10','FG854','Manuel','Moran','Artigaz','Motecsuma','5465','0','Tonalá','Centro','124567326','Esequiel','332156793','manuel','67890');


-- --------------------------------------------------- --
-- insert table Maestro				       --
-- --------------------------------------------------- --


insert into Maestro (id, codigo, nombre, apellidoP, apellidoM, calle, numero, numeroInt, ciudad, colonia, telefono, avisarA, telEm, usuario, password)
values ('1','TY403','Romulo','Murgia','Rivera','Felipez Angeles','90','6','Tonalá','Del rio','335634678','Josefa Martinez','33453657890','romulo','12345');

insert into Maestro (id, codigo, nombre, apellidoP, apellidoM, calle, numero, numeroInt, ciudad, colonia, telefono, avisarA, telEm, usuario, password)
values ('2','TY456','Maira','Ortiz','Murgia','Puerta de Hierro','126','0','Guadalajara','San Fermin','33453657890','Roberto','335782346','maira','67890');

insert into Maestro (id, codigo, nombre, apellidoP, apellidoM, calle, numero, numeroInt, ciudad, colonia, telefono, avisarA, telEm, usuario, password)
values ('3','TY234','Angel','Roblefo','Ruiz','Robledo','5465','0','Guadalajara','Centro','334512789','Juan Carlos','3367812456','angel','12345');

insert into Maestro (id, codigo, nombre, apellidoP, apellidoM, calle, numero, numeroInt, ciudad, colonia, telefono, avisarA, telEm, usuario, password)
values ('4','TY123','Rogelio','Artigaz','Mendiola','Motecsuma','15','0','Tonalá','San Fermin','124567326','Gabriel','245672456','rogelio','67890');

insert into Maestro (id, codigo, nombre, apellidoP, apellidoM, calle, numero, numeroInt, ciudad, colonia, telefono, avisarA, telEm, usuario, password)
values ('5','TY849','Jonathan','Alcazar','Sans','5 de Mayo','98','23','Guadalajara','Balles del Rio','334256781','Luis Angel','332156793','jonathan','12345');

insert into Maestro (id, codigo, nombre, apellidoP, apellidoM, calle, numero, numeroInt, ciudad, colonia, telefono, avisarA, telEm, usuario, password)
values ('6','TY850','Raul','Naguez','Palacios','Pila Seca','50','0','Guadalajara','Tonila','331256782','Manuel','334256781','raul','67890');

insert into Maestro (id, codigo, nombre, apellidoP, apellidoM, calle, numero, numeroInt, ciudad, colonia, telefono, avisarA, telEm, usuario, password)
values ('7','TY234','Carlos','Melendrez','Zuarez','5 de Mayo','545','12','Tonalá','Mirador','134267825','Bety','331256782','carlos','12345');

insert into Maestro (id, codigo, nombre, apellidoP, apellidoM, calle, numero, numeroInt, ciudad, colonia, telefono, avisarA, telEm, usuario, password)
values ('8','TY852','Silvia','Murgia','Ortiz','Av. Vallarta','45','0','Guadalajara','Centro','335782346','Monica','134267825','silvia','67890');

insert into Maestro (id, codigo, nombre, apellidoP, apellidoM, calle, numero, numeroInt, ciudad, colonia, telefono, avisarA, telEm, usuario, password)
values ('9','TY853','Alfredo','Ruiz','Roblefo','Av. Vallarta','245','0','Guadalajara','San Fermin','3367812456','Tania','334512789','alfredo','12345');

insert into Maestro (id, codigo, nombre, apellidoP, apellidoM, calle, numero, numeroInt, ciudad, colonia, telefono, avisarA, telEm, usuario, password)
values ('10','TY854','Susana','Mendiola','Artigaz','Av. Vallarta','56','0','Tonalá','Balles del Rio','245672456','Jose Luis','124567326','susana','67890');


-- --------------------------------------------------- --
-- insert table Cordinacion			       --
-- --------------------------------------------------- --


insert into Cordinacion (id, codigo, nombre, apellidoP, apellidoM, calle, numero, numeroInt, ciudad, colonia, telefono, avisarA, telEm, cargo, usuario, password)
values ('1','UO633','Ana Carina','Murgia','Felicitas','Felipez Angeles','90','6','Tonalá','Del rio','335634678','Josefa Martinez','334536578','Secretaria','carina','12345');

insert into Cordinacion (id, codigo, nombre, apellidoP, apellidoM, calle, numero, numeroInt, ciudad, colonia, telefono, avisarA, telEm, cargo, usuario, password)
values ('2','UO456','Soledad','Murgia','Ortiz','Puerta de Hierro','245','0','Guadalajara','Mirador','335782346','Raul','334256781','Secretaria','soledad','67890');

insert into Cordinacion (id, codigo, nombre, apellidoP, apellidoM, calle, numero, numeroInt, ciudad, colonia, telefono, avisarA, telEm, cargo, usuario, password)
values ('3','UO234','Anthony','Sans','Roblefo','Motecsuma','56','0','Guadalajara','Centro','3367812456','Carlos','331256782','Director','anthony','12345');

insert into Cordinacion (id, codigo, nombre, apellidoP, apellidoM, calle, numero, numeroInt, ciudad, colonia, telefono, avisarA, telEm, cargo, usuario, password)
values ('4','UO123','Esequiel','Palacios','Artigaz','Robledo','15','0','Guadalajara','San Fermin','245672456','Silvia','134267825','Coordinador','esequiel','67890');

insert into Cordinacion (id, codigo, nombre, apellidoP, apellidoM, calle, numero, numeroInt, ciudad, colonia, telefono, avisarA, telEm, cargo, usuario, password)
values ('5','UO849','Beatriz','Zuarez','Alcazar','Pila Seca','98','0','Guadalajara','Balles del Rio','332156793','Alfredo','335782346','Secretaria','beatriz','12345');

insert into Cordinacion (id, codigo, nombre, apellidoP, apellidoM, calle, numero, numeroInt, ciudad, colonia, telefono, avisarA, telEm, cargo, usuario, password)
values ('6','UO850','Bety','Ortiz','Naguez','5 de Mayo','126','2','Guadalajara','Tonila','334256781','Susana','3367812456','Coordinador','bety','67890');

insert into Cordinacion (id, codigo, nombre, apellidoP, apellidoM, calle, numero, numeroInt, ciudad, colonia, telefono, avisarA, telEm, cargo, usuario, password)
values ('7','UO234','Monica','Roblefo','Melendrez','Moreloz','5465','0','Guadalajara','Mirador','331256782','Roberto','245672456','Finanzas','monica','12345');

insert into Cordinacion (id, codigo, nombre, apellidoP, apellidoM, calle, numero, numeroInt, ciudad, colonia, telefono, avisarA, telEm, cargo, usuario, password)
values ('8','UO852','Tania','Artigaz','Santillan','Motezuma','50','0','Tonalá','Centro','134267825','Juan Carlos','332156793','Finanzas','tania','67890');

insert into Cordinacion (id, codigo, nombre, apellidoP, apellidoM, calle, numero, numeroInt, ciudad, colonia, telefono, avisarA, telEm, cargo, usuario, password)
values ('9','UO853','Jose Luis','Melendrez','Melendrez','Motezuma','545','0','Tonalá','Centro','335634678','Gabriel','331256782','Coordinador','joseluis','12345');

insert into Cordinacion (id, codigo, nombre, apellidoP, apellidoM, calle, numero, numeroInt, ciudad, colonia, telefono, avisarA, telEm, cargo, usuario, password)
values ('10','UO854','Rogelio','Ortiz','Naguez','Felipez Angeles','56','0','Tonalá','Centro','334256781','Luis Angel','331256782','Relaciones Publicas','rogelio','67890');


-- --------------------------------------------------- --
-- insert table Materia				       --
-- --------------------------------------------------- --

insert into Materia (id_Estudiante,id_Maestro,codigo, nombre,area,horas,calificacion,faltas)
values ('1','1','Matematicas','UY234','Algebra','12','8','2');

insert into Materia (id_Estudiante,id_Maestro,codigo, nombre,area,horas,calificacion,faltas)
values ('1','1','Español','UY235','Lenguas','12','8','0');

insert into Materia (id_Estudiante,id_Maestro,codigo, nombre,area,horas,calificacion,faltas)
values ('1','1','Historia','UY236','Literatura','12','8','0');

insert into Materia (id_Estudiante,id_Maestro,codigo, nombre,area,horas,calificacion,faltas)
values ('1','1','Ciencias Naturales','UY237','Literatura','12','8','0');

insert into Materia (id_Estudiante,id_Maestro,codigo, nombre,area,horas,calificacion,faltas)
values ('1','1','Civismo','UY238','Literatura','12','8','0');

insert into Materia (id_Estudiante,id_Maestro,codigo, nombre,area,horas,calificacion,faltas)
values ('2','1','Matematicas','UY234','Algebra','12','8','2');

insert into Materia (id_Estudiante,id_Maestro,codigo, nombre,area,horas,calificacion,faltas)
values ('2','1','Español','UY235','Lenguas','12','8','0');

insert into Materia (id_Estudiante,id_Maestro,codigo, nombre,area,horas,calificacion,faltas)
values ('2','1','Historia','UY236','Literatura','12','8','0');

insert into Materia (id_Estudiante,id_Maestro,codigo, nombre,area,horas,calificacion,faltas)
values ('2','1','Ciencias Naturales','UY237','Literatura','12','8','0');

insert into Materia (id_Estudiante,id_Maestro,codigo, nombre,area,horas,calificacion,faltas)
values ('2','1','Civismo','UY238','Literatura','12','8','0');


-- --------------------------------------------------- --
-- insert table Grado				       --
-- --------------------------------------------------- --

insert into Grado (id_Estudiante,id_Maestro,numGrado,aula,edificio)
values ('1','1','3ro','08','B');

insert into Grado (id_Estudiante,id_Maestro,numGrado,aula,edificio)
values ('2','1','3ro','08','B');

insert into Grado (id_Estudiante,id_Maestro,numGrado,aula,edificio)
values ('3','1','3ro','08','B');

insert into Grado (id_Estudiante,id_Maestro,numGrado,aula,edificio)
values ('4','1','3ro','08','B');

insert into Grado (id_Estudiante,id_Maestro,numGrado,aula,edificio)
values ('5','1','3ro','08','B');

insert into Grado (id_Estudiante,id_Maestro,numGrado,aula,edificio)
values ('6','1','3ro','08','B');

insert into Grado (id_Estudiante,id_Maestro,numGrado,aula,edificio)
values ('7','1','3ro','08','B');

insert into Grado (id_Estudiante,id_Maestro,numGrado,aula,edificio)
values ('8','1','3ro','08','B');

insert into Grado (id_Estudiante,id_Maestro,numGrado,aula,edificio)
values ('9','1','3ro','08','B');

insert into Grado (id_Estudiante,id_Maestro,numGrado,aula,edificio)
values ('10','1','3ro','08','B');


-- --------------------------------------------------- --
-- insert table Cursos				       --
-- --------------------------------------------------- --

insert into Cursos (id_Estudiante,id_Maestro,codigo,nombre,area,horas,acreditacion,faltas)
values ('1','1','Pintura y Dibujo','UI345','10','Artes','Acreditado','0');

insert into Cursos (id_Estudiante,id_Maestro,codigo,nombre,area,horas,acreditacion,faltas)
values ('1','6','Musica','UI345','10','Artes','Acreditado','0');

insert into Cursos (id_Estudiante,id_Maestro,codigo,nombre,area,horas,acreditacion,faltas)
values ('2','1','Pintura y Dibujo','UI345','10','Artes','Acreditado','0');

insert into Cursos (id_Estudiante,id_Maestro,codigo,nombre,area,horas,acreditacion,faltas)
values ('2','6','Musica','UI345','10','Artes','Acreditado','0');

insert into Cursos (id_Estudiante,id_Maestro,codigo,nombre,area,horas,acreditacion,faltas)
values ('3','1','Pintura y Dibujo','UI345','10','Artes','Acreditado','0');

insert into Cursos (id_Estudiante,id_Maestro,codigo,nombre,area,horas,acreditacion,faltas)
values ('3','6','Musica','UI345','10','Artes','Acreditado','0');

insert into Cursos (id_Estudiante,id_Maestro,codigo,nombre,area,horas,acreditacion,faltas)
values ('4','1','Pintura y Dibujo','UI345','10','Artes','Acreditado','0');

insert into Cursos (id_Estudiante,id_Maestro,codigo,nombre,area,horas,acreditacion,faltas)
values ('5','6','Musica','UI345','10','Artes','Acreditado','0');

insert into Cursos (id_Estudiante,id_Maestro,codigo,nombre,area,horas,acreditacion,faltas)
values ('10','1','Pintura y Dibujo','UI345','10','Artes','Acreditado','0');

insert into Cursos (id_Estudiante,id_Maestro,codigo,nombre,area,horas,acreditacion,faltas)
values ('7','6','Musica','UI345','10','Artes','Acreditado','0');


-- --------------------------------------------------- --
-- insert table Pagos				       --
-- --------------------------------------------------- --

insert into Pagos (id_Estudiante,id_cordinacion,codigo,fecha,tipoPago,importe,observaciones)
values ('1','1','EFH345','08/12/13','Efectico','3000','Pago atrasado');

insert into Pagos (id_Estudiante,id_cordinacion,codigo,fecha,tipoPago,importe,observaciones)
values ('2','1','EFH346','08/12/13','Efectico','2500','Pago atrasado');

insert into Pagos (id_Estudiante,id_cordinacion,codigo,fecha,tipoPago,importe,observaciones)
values ('3','1','EFH347','08/12/13','Efectico','2000','Pago atrasado');

insert into Pagos (id_Estudiante,id_cordinacion,codigo,fecha,tipoPago,importe,observaciones)
values ('4','1','EFH348','08/12/13','Efectico','3000','Pago atrasado');

insert into Pagos (id_Estudiante,id_cordinacion,codigo,fecha,tipoPago,importe,observaciones)
values ('5','1','EFH349','08/12/13','Efectico','3000','Pago atrasado');

insert into Pagos (id_Estudiante,id_cordinacion,codigo,fecha,tipoPago,importe,observaciones)
values ('6','1','EFH350','08/12/13','Efectico','3000','Pago atrasado');

insert into Pagos (id_Estudiante,id_cordinacion,codigo,fecha,tipoPago,importe,observaciones)
values ('7','1','EFH351','08/12/13','Efectico','3000','Pago atrasado');

insert into Pagos (id_Estudiante,id_cordinacion,codigo,fecha,tipoPago,importe,observaciones)
values ('8','1','EFH352','08/12/13','Efectico','3000','Pago atrasado');

insert into Pagos (id_Estudiante,id_cordinacion,codigo,fecha,tipoPago,importe,observaciones)
values ('9','1','EFH353','08/12/13','Efectico','3000','Pago atrasado');

insert into Pagos (id_Estudiante,id_cordinacion,codigo,fecha,tipoPago,importe,observaciones)
values ('10','1','EFH345','08/12/13','Efectico','3000','Pago atrasado');


-- --------------------------------------------------- --
-- insert table Nomina				       --
-- --------------------------------------------------- --

insert into Nomina (id_Maestro,id_cordinacion,codigo,fecha,horasTrabajadas,horasExtra)
values ('1','1','EFP345','08/12/13','12','0');

insert into Nomina (id_Maestro,id_cordinacion,codigo,fecha,horasTrabajadas,horasExtra)
values ('2','1','EFP346','08/12/13','8','0');

insert into Nomina (id_Maestro,id_cordinacion,codigo,fecha,horasTrabajadas,horasExtra)
values ('3','1','EFP347','08/12/13','6','2');

insert into Nomina (id_Maestro,id_cordinacion,codigo,fecha,horasTrabajadas,horasExtra)
values ('4','1','EFP348','08/12/13','8','0');

insert into Nomina (id_Maestro,id_cordinacion,codigo,fecha,horasTrabajadas,horasExtra)
values ('5','1','EFP349','08/12/13','8','0');

insert into Nomina (id_Maestro,id_cordinacion,codigo,fecha,horasTrabajadas,horasExtra)
values ('6','1','EFP350','08/12/13','8','0');

insert into Nomina (id_Maestro,id_cordinacion,codigo,fecha,horasTrabajadas,horasExtra)
values ('7','1','EFP351','08/12/13','8','0');

insert into Nomina (id_Maestro,id_cordinacion,codigo,fecha,horasTrabajadas,horasExtra)
values ('8','1','EFP352','08/12/13','8','0');

insert into Nomina (id_Maestro,id_cordinacion,codigo,fecha,horasTrabajadas,horasExtra)
values ('9','1','EFP353','08/12/13','12','0');

insert into Nomina (id_Maestro,id_cordinacion,codigo,fecha,horasTrabajadas,horasExtra)
values ('10','1','EFP345','08/12/13','6','2');
